Last Updated (UTC),Ticker,Name,Price,Currency,Last Dividend,Last Dividend Date,Frequency,Yield (Forward) %,Remarks,Median Annualized Yield %,Mean Annualized Yield %,Std Dev %,Valuation
2025-08-09T04:23:04.208695Z,MSTE.TO,HARVEST MICROSTRATEGY ENH HG IN,16.08,CAD,0.6,2025-07-31,Monthly,44.776,yfinance,52.4886,51.17092,7.31519744620745,Overpriced
2025-08-09T04:23:18.883645Z,TSLY.TO,HARVEST TESLA ENHD HIGH INCOME ,7.27,CAD,0.25,2025-07-31,Monthly,41.265,yfinance,49.17105,49.890283333333336,8.038330624306681,Fair Price
2025-08-09T04:23:04.772882Z,MSTY.TO,HARVEST MICROSTRATEGY HIGH INCM,11.31,CAD,0.33,2025-07-31,Monthly,35.013,yfinance,44.106300000000005,45.66101666666666,10.917922432847131,Fair Price
2025-08-09T04:22:25.573883Z,CNYE.TO,HARVEST COINBASE ENHD HGH INCME,13.745,CAD,0.4,2025-07-31,Monthly,34.922,yfinance,41.3686,41.15338,12.858248202885184,Fair Price
2025-08-09T04:22:58.295795Z,LLHE.TO,HARVEST ELI LILLY ENHANCED HI S,6.34,CAD,0.18,2025-07-31,Monthly,34.069,yfinance,24.1395,24.935963636363635,2.2378763421032577,Underpriced
2025-08-09T04:23:21.926568Z,YTSL.NE,TESLA (TSLA) YIELD SHARES PURPO,19.73,CAD,0.55,2025-07-29,Monthly,33.452,yfinance,,,,Unknown
2025-08-09T04:22:26.116210Z,CONY.TO,HARVEST COINBASE HIGH INCOME SH,11.14,CAD,0.28,2025-07-31,Monthly,30.162,yfinance,37.915400000000005,36.75088333333333,9.387044298269114,Fair Price
2025-08-09T04:22:58.853061Z,LLYH.TO,HARVEST ELI LILLY HI SHS ETF,7.36,CAD,0.16,2025-07-31,Monthly,26.087,yfinance,19.7368,20.403809090909093,1.2883488382069082,Underpriced
2025-08-09T04:22:46.440637Z,HHIS.TO,HARVEST DIVERSIFIED HIGH INCOME,12.96,CAD,0.25,2025-07-31,Monthly,23.148,yfinance,28.30975,27.8044,3.320492696573808,Overpriced
2025-08-09T04:23:11.220651Z,PLTE.TO,HARVEST PALANTIR ENHD HIGH INCM,29.18,CAD,0.55,2025-07-31,Monthly,22.618,yfinance,33.0089,33.525283333333334,4.842600985593034,Overpriced
2025-08-09T04:23:06.059019Z,NVHE.TO,HARVEST NVIDIA ENHANCED HI SHS ,12.95,CAD,0.22,2025-07-31,Monthly,20.386,yfinance,27.4943,27.599718181818183,3.9029112297919832,Overpriced
2025-08-09T04:23:21.325210Z,YNVD.NE,NVIDIA (NVDA) YIELD SHARES PURP,45.55,CAD,0.75,2025-07-29,Monthly,19.759,yfinance,,,,Unknown
2025-08-09T04:22:27.011925Z,DFN.TO,DIVIDEND 15 SPLIT CORP,6.47,CAD,0.1,2025-07-31,Monthly,18.547,yfinance,46.332,61.99398623481782,57.52682440006073,Fair Price
2025-08-09T04:23:00.052478Z,METE.TO,HARVEST META ENHD HIGH INCOME S,13.42,CAD,0.2,2025-07-31,Monthly,17.884,yfinance,20.42365,21.073583333333332,2.998179047633191,Fair Price
2025-08-09T04:23:20.686960Z,UTES.TO,EVOLVE CAD UTIL ENH YIELD IDX F,9.37,CAD,0.138,2025-07-31,Monthly,17.673,yfinance,19.0498,19.068372727272727,0.6080426828618363,Overpriced
2025-08-09T04:22:50.950386Z,HPYT.TO,HARVEST PREMIUM YIELD TREASURY ,8.91,CAD,0.13,2025-07-31,Monthly,17.508,yfinance,19.9083,19.79895,0.932050487468612,Overpriced
2025-08-09T04:22:32.046759Z,ENCL.TO,GLOBAL X ENH CDN OIL GAS EQTY C,17.87,CAD,0.26,2025-07-31,Monthly,17.459,yfinance,20.5165,20.575045454545457,2.277892454655917,Overpriced
2025-08-09T04:22:27.920122Z,DGS.TO,DIVIDEND GROWTH SPLIT CORP. CLA,7.13,CAD,0.1,2025-07-31,Monthly,16.83,yfinance,54.5951,61.16490056497175,34.430374915710985,Overpriced
2025-08-09T04:23:05.341247Z,NVDH.TO,HARVEST NVIDIA HIGH INCOME SHAR,13.21,CAD,0.18,2025-07-31,Monthly,16.351,yfinance,20.8797,21.019654545454543,2.38005586378288,Overpriced
2025-08-09T04:22:15.973254Z,BANK.TO,EVOLVE CDN BANKS LIFECOS ENH YL,8.125,CAD,0.11,2025-07-31,Monthly,16.246,yfinance,17.7464,18.157361904761903,2.2885828961738954,Fair Price
2025-08-09T04:23:15.633572Z,RS.TO,REAL ESTATE SPLIT CORP,9.82,CAD,0.13,2025-07-31,Monthly,15.886,yfinance,14.483350000000002,14.132025925925928,2.4836695746252038,Fair Price
2025-08-09T04:22:37.466253Z,FTN.TO,FINANCIAL 15 SPLIT CORP,9.93,CAD,0.126,2025-07-31,Monthly,15.227,yfinance,72.40065,87.46615398230088,79.6804706619361,Fair Price
2025-08-09T04:23:03.649646Z,MSHE.TO,HARVEST MICROSOFT ENHANCED HI S,12.75,CAD,0.16,2025-07-31,Monthly,15.059,yfinance,17.6276,17.833227272727274,1.5627156370183983,Overpriced
2025-08-09T04:23:13.796405Z,QQCL.TO,GLOBAL X ENHNCD NASDAQ 100 CVRD,24.0,CAD,0.295,2025-07-31,Monthly,14.75,yfinance,15.81745,15.955536363636362,1.6233704777833464,Fair Price
2025-08-09T04:22:20.431872Z,BKCL.TO,GLOBAL X ENHNC EQL WGHT CDN BNK,19.75,CAD,0.24,2025-07-31,Monthly,14.582,yfinance,18.6477,18.356524,2.4619671071929483,Overpriced
2025-08-09T04:23:14.444980Z,QQQY.TO,EVOLVE NASDAQ TECH ENH YLD INDX,26.355,CAD,0.32,2025-07-31,Monthly,14.57,yfinance,16.9731,20.601791304347827,14.84410671937805,Fair Price
2025-08-09T04:22:18.821729Z,BK.TO,CANADIAN BANC CORP,12.53,CAD,0.151,2025-07-31,Monthly,14.461,yfinance,29.25705,34.23806822033899,21.51402544750667,Fair Price
2025-08-09T04:23:19.493418Z,UMAX.TO,HAMILTON UTILITIES YIELD MAXIMI,13.5,CAD,0.162,2025-07-31,Monthly,14.4,yfinance,16.0342,16.331245833333334,1.281020479753192,Overpriced
2025-08-09T04:22:14.716155Z,AMHE.TO,HARVEST AMAZON ENHANCED HIGH IN,13.47,CAD,0.16,2025-07-31,Monthly,14.254,yfinance,14.7988,15.216545454545455,1.7088056573897676,Fair Price
2025-08-09T04:23:09.890168Z,PIC-A.TO,PREMIUM INCOME A,6.94,CAD,0.08,2025-07-15,Monthly,13.833,yfinance,64.5021,84.7845904347826,77.56246559256876,Fair Price
2025-08-09T04:22:30.702381Z,EMAX.TO,HAMILTON ENERGY YIELD MAXIMIZER,13.12,CAD,0.15,2025-07-31,Monthly,13.72,yfinance,13.88735,14.02642222222222,0.8074290116715463,Fair Price
2025-08-09T04:22:48.858961Z,HMAX.TO,HAMILTON CDN FINANCIAL YLD MAXI,14.56,CAD,0.165,2025-07-31,Monthly,13.599,yfinance,17.92895,17.662913333333332,2.502233743282785,Overpriced
2025-08-09T04:22:47.031269Z,HHLE.TO,HARVEST HEALTHCARE LDRS ENH INC,8.245,CAD,0.093,2025-07-31,Monthly,13.535,yfinance,12.8941,12.846972727272728,1.0397687535194804,Fair Price
2025-08-09T04:23:03.064108Z,MSFH.TO,HARVEST MICROSOFT HIGH INCOME S,12.58,CAD,0.14,2025-07-31,Monthly,13.355,yfinance,15.2658,15.209127272727272,1.025404383734445,Overpriced
2025-08-09T04:22:59.423613Z,LMAX.TO,HAMILTON HEALTHCARE YIELD MAXIM,13.1,CAD,0.145,2025-07-31,Monthly,13.282,yfinance,13.21025,13.210672222222222,0.5203475499244884,Fair Price
2025-08-09T04:23:20.113178Z,USCL.TO,GLOBAL X ENHANCED SP 500 CVRD C,22.385,CAD,0.245,2025-07-31,Monthly,13.134,yfinance,14.684,15.19376,1.8111940387030123,Fair Price
2025-08-09T04:22:22.418674Z,BOND.TO,EVOLVE ENHANCED YIELD BOND FUND,17.82,CAD,0.19,2025-07-31,Monthly,12.795,yfinance,12.751449999999998,12.758186363636362,0.3702683239354357,Fair Price
2025-08-09T04:22:57.725907Z,LIFE.TO,EVOLVE GLBL HEALTHCARE ENHANCE ,17.84,CAD,0.19,2025-07-31,Monthly,12.78,yfinance,11.10565,11.103039130434782,3.676814822252176,Fair Price
2025-08-09T04:22:54.092659Z,HYLD.TO,HAMILTON ENHANCED US COVERED CA,13.85,CAD,0.147,2025-07-31,Monthly,12.736,yfinance,14.84,15.686524390243903,2.314288140960465,Fair Price
2025-08-09T04:22:15.318146Z,AMZH.TO,HARVEST AMAZON HIGH INCOME SHS ,13.22,CAD,0.14,2025-07-31,Monthly,12.708,yfinance,13.3133,13.462809090909092,1.236420648043816,Fair Price
2025-08-09T04:22:34.768764Z,ETHY.TO,PURPOSE ETHER YIELD ETF,3.89,CAD,0.041,2025-07-29,Monthly,12.648,yfinance,16.8641,19.54794347826087,9.221232852899933,Fair Price
2025-08-09T04:22:55.717672Z,LBS.TO,LIFE & BANC SPLIT CORP.,9.62,CAD,0.1,2025-07-31,Monthly,12.474,yfinance,45.01135,52.96180576923077,33.43419921052613,Fair Price
2025-08-09T04:23:07.435882Z,PDIV.TO,PURPOSE ENHANCED DIVIDEND FUND ,9.165,CAD,0.095,2025-07-29,Monthly,12.439,yfinance,11.125800000000002,16.85011875,45.27356168573826,Fair Price
2025-08-09T04:22:29.099827Z,EBNK.TO,EVOLVE EUROPEAN BANKS ENHANCED ,14.7,CAD,0.145,2025-07-31,Monthly,11.837,yfinance,11.63385,12.263419047619047,3.138685042609645,Fair Price
2025-08-09T04:22:33.479607Z,EQCL.TO,GLOBAL X ENH EQTY ASSET ALLOC C,22.42,CAD,0.22,2025-07-31,Monthly,11.775,yfinance,12.896,12.930768181818182,0.7557487371483318,Overpriced
2025-08-09T04:22:19.683055Z,BKCC.TO,GLOBAL X EQL WT CDN BANK CVRD C,14.79,CAD,0.145,2025-07-31,Monthly,11.765,yfinance,11.7936,12.78581472392638,3.876088831210682,Fair Price
2025-08-09T04:22:23.710214Z,CALL.TO,EVOLVE US BANKS ENHANCED YIELD ,12.87,CAD,0.125,2025-07-31,Monthly,11.655,yfinance,12.9691,13.484492391304348,4.598094395214622,Fair Price
2025-08-09T04:22:51.618685Z,HTAE.TO,HARVEST TECH ACHIEVERS ENH INC ,16.65,CAD,0.16,2025-07-31,Monthly,11.532,yfinance,12.213,12.86100303030303,1.765959679693462,Fair Price
2025-08-09T04:22:41.643894Z,HBND.TO,HAMILTON US BOND YLD MAXIMIZER ,13.05,CAD,0.125,2025-07-31,Monthly,11.494,yfinance,11.71295,11.795059090909092,0.3653588642353221,Fair Price
2025-08-09T04:23:17.012725Z,SMAX.TO,HAMILTON US EQUITY YIELD MAXIMI,19.11,CAD,0.182,2025-07-31,Monthly,11.429,yfinance,12.0592,12.138242857142856,0.9214390905379636,Fair Price
2025-08-09T04:22:36.708536Z,FMAX.TO,HAMILTON US FINANCIALS YLD MAXI,18.55,CAD,0.176,2025-07-31,Monthly,11.385,yfinance,11.44295,11.768338888888888,1.1536331383115068,Fair Price
2025-08-09T04:22:43.616643Z,HDIV.TO,HAMILTON ENHANCED MULTI SEC COV,18.41,CAD,0.173,2025-07-31,Monthly,11.276,yfinance,13.0038,13.780761224489796,5.793460218924161,Fair Price
2025-08-09T04:22:56.477214Z,LCS.TO,"BROMPTON LIFECO SPLIT CORP, CLA",8.08,CAD,0.075,2025-07-31,Monthly,11.139,yfinance,22.5369,21.29583644859813,8.548673269240378,Overpriced
2025-08-09T04:23:13.217093Z,QMAX.TO,HAMILTON TECHNOLOGY YIELD MAXIM,22.4,CAD,0.207,2025-07-31,Monthly,11.089,yfinance,13.4228,13.2203,1.1015717770531352,Overpriced
2025-08-09T04:22:16.839133Z,BASE.TO,EVOLVE GLOB MATLS MINING ENH YL,21.88,CAD,0.2,2025-07-31,Monthly,10.969,yfinance,10.3168,10.222367123287672,1.5990989638312985,Fair Price
2025-08-09T04:22:38.174095Z,GDV.TO,GLOBAL DIVIDEND GROWTH SPLIT CO,11.08,CAD,0.1,2025-07-31,Monthly,10.83,yfinance,15.5481,17.250531764705883,4.793042378584564,Fair Price
2025-08-09T04:23:16.430183Z,SBC.TO,"BROMPTON SPLIT BANC CORP., CL A",11.09,CAD,0.1,2025-07-31,Monthly,10.821,yfinance,24.5811,31.15641383928571,17.710777326870915,Fair Price
2025-08-09T04:22:34.153974Z,ESPX.TO,EVOLVE SP 500 ENHANCED YIELD FU,24.965,CAD,0.225,2025-07-31,Monthly,10.815,yfinance,10.1252,9.931454838709676,1.3862596509645932,Fair Price
2025-08-09T04:22:32.722818Z,ENS.TO,E SPLIT CORP,14.45,CAD,0.13,2025-07-31,Monthly,10.796,yfinance,15.8135,16.74034756097561,4.443428540788382,Overpriced
2025-08-09T04:22:23.030681Z,BTCY.TO,PURPOSE BITCOIN YIELD ETF,9.49,CAD,0.085,2025-07-29,Monthly,10.748,yfinance,13.9764,15.398566666666667,5.903709279997389,Fair Price
2025-08-09T04:22:42.942038Z,HDIF.TO,HARVEST DIVERSIFIED MONTHLY INC,8.44,CAD,0.074,2025-07-31,Monthly,10.521,yfinance,12.5239,12.481563414634149,1.3077435115029437,Overpriced
2025-08-09T04:22:54.777227Z,IS.TO,INFRASTRUCTURE DIVIDEND SPLIT C,15.98,CAD,0.14,2025-07-31,Monthly,10.513,yfinance,11.98315,12.656025,2.9516538269248302,Fair Price
2025-08-09T04:22:40.312484Z,HBIE.TO,HARVEST BALANCED INCOME AND GRT,23.08,CAD,0.2,2025-07-31,Monthly,10.399,yfinance,10.53025,10.6373625,0.3330141936414527,Fair Price
2025-08-09T04:23:15.021676Z,RMAX.TO,HAMILTON REITS YIELD MAXIMIZER ,16.77,CAD,0.145,2025-07-31,Monthly,10.376,yfinance,10.2797,10.197284615384614,0.2850075111470854,Fair Price
2025-08-09T04:22:35.420378Z,ETSX.TO,EVOLVE SP TSX60 ENHANCED YIELD ,21.89,CAD,0.188,2025-07-31,Monthly,10.306,yfinance,11.3422,11.209793548387095,0.8923013567681741,Overpriced
2025-08-09T04:22:21.026971Z,BMAX.TO,BROMPTON ENHANCED MULTI ASSET I,14.03,CAD,0.12,2025-07-31,Monthly,10.264,yfinance,11.039549999999998,11.232058823529412,0.8407717277912726,Fair Price
2025-08-09T04:23:11.856593Z,PWI.TO,SUSTAINABLE POWER INFRA SPLIT C,9.98,CAD,0.085,2025-07-31,Monthly,10.22,yfinance,12.31145,12.357025,2.0447870336489142,Overpriced
2025-08-09T04:22:49.668189Z,HPF.TO,HARVEST ENERGY LEADERS PLUS INC,2.94,CAD,0.025,2025-07-31,Monthly,10.204,yfinance,12.55455,17.589336290322578,14.329625630336029,Fair Price
2025-08-09T04:23:08.258634Z,PDV.TO,PRIME DIVIDEND CORP. CL A,8.6,CAD,0.071,2025-07-31,Monthly,9.907,yfinance,22.04635,26.831696464646463,14.698621683403362,Fair Price
2025-08-09T04:22:45.102319Z,HGR.TO,HARVEST GLOBAL REIT LEADERS INC,5.65,CAD,0.046,2025-07-31,Monthly,9.77,yfinance,9.5568,9.487498958333331,0.9440965176455648,Fair Price
2025-08-09T04:23:18.323741Z,TRVI.TO,HARVEST TRAVEL AND LEISURE INCO,19.8,CAD,0.16,2025-07-31,Monthly,9.697,yfinance,10.9072,10.796633333333332,1.1242327544391542,Overpriced
2025-08-09T04:22:25.028187Z,CNCL.TO,GLOBAL X ENHANCED SP TSX 60 CVC,20.69,CAD,0.165,2025-07-31,Monthly,9.57,yfinance,13.7638,13.407664,1.9770367038154173,Overpriced
2025-08-09T04:22:52.887689Z,HUTE.TO,HARVEST EQL WEIGHT GLB UTIL ENH,11.07,CAD,0.088,2025-07-31,Monthly,9.539,yfinance,12.0696,11.69519696969697,1.1358279542047869,Overpriced
2025-08-09T04:22:28.521289Z,EACL.NE,GLOBAL X ENHANCED MSCI EAFE COV,20.23,CAD,0.16,2025-07-31,Monthly,9.491,yfinance,,,,Unknown
2025-08-09T04:22:21.715024Z,BNK.TO,BIG BANC SPLIT CORP,15.45,CAD,0.12,2025-07-31,Monthly,9.32,yfinance,10.3678,39.829173770491806,155.7011833355449,Fair Price
2025-08-09T04:23:08.940397Z,PGI-UN.TO,PIMCO GLOBAL INC OPPORTUNITIES ,7.4,CAD,0.057,2025-07-31,Monthly,9.243,yfinance,,,,Unknown
2025-08-09T04:22:13.883606Z,AMAX.TO,HAMILTON GOLD PRODUCER YLD MAXI,27.38,CAD,0.21,2025-07-31,Monthly,9.204,yfinance,10.641100000000002,10.737972222222222,1.147294770475085,Overpriced
2025-08-09T04:22:52.302124Z,HUBL.TO,HARVEST US BANK LEADERS INCOME ,13.13,CAD,0.1,2025-07-31,Monthly,9.139,yfinance,9.39,9.860030588235295,1.5977307717676403,Fair Price
2025-08-09T04:22:17.726787Z,BEPR.TO,BROMPTON FLAHERTY CRUMINE ENHAN,8.95,CAD,0.068,2025-07-31,Monthly,9.117,yfinance,15.2212,21.26906965174129,17.549304789102724,Fair Price
2025-08-09T04:22:50.310226Z,HPYM.TO,HARVEST PREM YLD 7 10 YR TREASU,10.81,CAD,0.08,2025-07-31,Monthly,8.881,yfinance,9.0255,9.09606111111111,0.1762689560565934,Fair Price
2025-08-09T04:23:06.695673Z,PAYF.TO,PURPOSE ENHANCED PREMIUM YIELD ,19.11,CAD,0.138,2025-07-29,Monthly,8.666,yfinance,10.2986,10.345204166666669,0.801102959470588,Overpriced
2025-08-09T04:22:38.897724Z,GLCC.TO,GLOBAL X GOLD PROD EQUTY CVRD C,40.64,CAD,0.28,2025-07-31,Monthly,8.268,yfinance,13.0965,19.896208823529413,16.587196277559286,Fair Price
2025-08-09T04:22:57.080738Z,LEAD.TO,EVOLVE FUTURE LEADERSHIP ETF HE,23.35,CAD,0.16,2025-07-31,Monthly,8.223,yfinance,8.532,8.920096610169493,3.5159213127187146,Fair Price
2025-08-09T04:22:30.130089Z,EIT-UN.TO,CANOE EIT INCOME FUND UNITS,15.15,CAD,0.1,2025-07-22,Monthly,7.921,yfinance,,,,Unknown
2025-08-09T04:22:39.677580Z,HBF.TO,HARVEST BRAND LEADERS PLUS INC ,10.08,CAD,0.065,2025-07-31,Monthly,7.738,yfinance,10.4971,11.152347727272726,2.8856681579191266,Fair Price
2025-08-09T04:23:00.795899Z,MFT.TO,MACKENZIE FLOATING RATE INCOME ,16.51,CAD,0.106,2025-08-01,Monthly,7.704,yfinance,9.004950000000001,9.194244545454543,3.939158566011398,Fair Price
2025-08-09T04:22:36.069541Z,FLX.TO,PURPOSE GLBL FLEXIBLE CREDIT FN,7.17,CAD,0.046,2025-07-29,Monthly,7.699,yfinance,7.993,10.36847619047619,7.720921106571725,Fair Price
2025-08-09T04:23:17.651681Z,SSF-UN.TO,SYMPHONY FLOATING RATE SR LOAN ,6.42,CAD,0.041,2025-07-31,Monthly,7.664,yfinance,,,,Unknown
2025-08-09T04:22:41.023968Z,HBIL.TO,HAM US T BILL YLD MAX CDN HG ET,15.045,CAD,0.095,2025-07-31,Monthly,7.577,yfinance,7.6428,7.7736909090909085,0.2688392473376816,Fair Price
2025-08-09T04:23:12.497300Z,PYF-U.TO,PURPOSE PREMIUM YIELD FUND NH U,19.18,USD,0.12,2025-07-29,Monthly,7.508,yfinance,7.638,7.729505263157895,0.2806251700790064,Fair Price
2025-08-09T04:23:02.411267Z,MREL.TO,MIDDLEFIELD REAL ESTATE DIVIDEN,12.51,CAD,0.075,2025-07-31,Monthly,7.194,yfinance,9.8977,10.614259119496856,2.708402451355429,Fair Price
2025-08-09T04:22:47.601707Z,HIND.TO,HARVEST INDUSTRIAL LEADERS INCO,11.86,CAD,0.07,2025-07-31,Monthly,7.083,yfinance,7.4159,7.409706666666667,0.3400862127391201,Fair Price
2025-08-09T04:22:48.267398Z,HLIF.TO,HARVEST CDN EQUITY INCOME LEADE,9.94,CAD,0.058,2025-07-31,Monthly,7.002,yfinance,8.898,8.587975675675676,0.8453581615719665,Overpriced
2025-08-09T04:22:53.484585Z,HUTS.TO,HAMILTON ENHANCED UTILITIES ETF,13.35,CAD,0.074,2025-07-31,Monthly,6.652,yfinance,8.0544,8.124742857142857,0.7885933154845354,Overpriced
2025-08-09T04:23:01.647319Z,MID-UN.TO,MINT INCOME FUND,7.22,CAD,0.04,2025-07-31,Monthly,6.648,yfinance,,,,Unknown
2025-08-09T04:23:22.696676Z,ZFH.TO,BMO FLOATING RATE HIGH YIELD ET,15.0,CAD,0.07,2025-07-30,Monthly,5.6,yfinance,6.489,7.168478832116788,2.75480484545347,Fair Price
2025-08-09T04:22:42.275757Z,HCAL.TO,HAMILTON ENHANCED CANADIAN BANK,28.09,CAD,0.127,2025-07-31,Monthly,5.425,yfinance,7.7102,8.571791525423729,4.608402191772528,Fair Price
2025-08-09T04:22:45.807962Z,HGY.TO,GLOBAL X GOLD YIELD ETF,13.48,CAD,0.06,2025-07-31,Monthly,5.341,yfinance,7.3421,8.673169938650306,3.525797896005024,Fair Price
2025-08-09T04:22:44.309715Z,HFIN.TO,HAMILTON ENHANCED CDN FINANCIAL,21.47,CAD,0.08,2025-07-31,Monthly,4.471,yfinance,6.61745,6.498521428571429,1.3148046486698186,Overpriced
2025-08-09T04:22:24.299171Z,CASH.TO,GLOBAL X HIGH INTEREST SAVINGS ,50.03,CAD,0.106,2025-07-31,Monthly,2.542,yfinance,4.4396,3.806388888888889,1.6580715680110027,Overpriced
2025-08-09T04:22:31.383403Z,EMCL.NE,GLOBAL X ENHANCED MSCI EMERGING,20.21,CAD,,,,,,,,,Unknown
2025-08-09T04:23:10.588930Z,PIC-PRA.TO,,,,,,,,,,,,Unknown
